name_en,description_en,example_en,category_en,tags_en,name_es,description_es,example_es,category_es,tags_es
"Acceptance","The willingness to embrace what is, rather than what should be or might have been. It involves making peace with yourself, others, and life's imperfections.","After months of struggling with chronic pain, Sarah practiced acceptance by acknowledging her new limitations while finding different ways to remain active and connected with others, rather than dwelling on her previous capabilities.","Personal","embrace; receive; welcome; allow; permit; tolerate; acknowledge; recognize; include","Aceptación","La disposición para abrazar lo que es, en lugar de lo que debería ser o pudo haber sido. Implica reconciliarte contigo, con otras personas y con las imperfecciones de la vida.","Después de meses de lidiar con dolor crónico, Sarah practicó la aceptación al reconocer sus nuevas limitaciones mientras encontraba distintas maneras de mantenerse activa y conectada con otras personas, en lugar de aferrarse a sus capacidades anteriores.","Personal","abrazar; recibir; acoger; permitir; tolerar; reconocer; admitir; incluir; aceptar"
"Accountability","Taking responsibility for one's actions and being answerable for their outcomes.","After the project missed its deadline, the team leader demonstrated accountability by acknowledging the mistakes and developing a plan to fix them.","Personal","answer; report; explain; justify; own; accept; acknowledge; address; resolve","Rendición de cuentas","Asumir la responsabilidad de las propias acciones y responder por sus resultados.","Después de que el proyecto no llegara a la fecha límite, la líder del equipo demostró rendición de cuentas al reconocer los errores y elaborar un plan para corregirlos.","Personal","responder; explicar; justificar; asumir; aceptar; reconocer; afrontar; corregir; cumplir"
"Achievement","Reaching goals and fulfilling your potential through hard work and determination.","After years of study and practice, earning her medical degree represented a significant achievement that opened doors to help others.","Personal","accomplish; attain; reach; complete; earn; succeed; realize; fulfill; master","Logro","Alcanzar metas y desarrollar tu potencial mediante esfuerzo y determinación.","Tras años de estudio y práctica, obtener su título de medicina representó un logro significativo que le abrió puertas para ayudar a otras personas.","Personal","lograr; alcanzar; cumplir; conseguir; ganar; triunfar; realizar; superar; dominar"
"Action","Taking steps to achieve a goal or complete a task.","Instead of just talking about helping the homeless, she took action by organizing a community drive for winter clothing and necessities.","Personal","do; perform; execute; implement; conduct; carry out; undertake; pursue; initiate","Acción","Dar pasos concretos para alcanzar un objetivo o completar una tarea.","En lugar de solo hablar sobre ayudar a las personas sin hogar, tomó acción al organizar una colecta comunitaria de ropa y artículos de invierno.","Personal","actuar; realizar; ejecutar; implementar; conducir; cumplir; emprender; impulsar; iniciar"
"Adventure","A willingness to take risks and explore new experiences for enjoyment and growth.","She embraced adventure by accepting a job in a foreign country where she knew no one and didn't speak the language.","Personal","explore; discover; experience; journey; venture; risk; seek; travel; embrace","Aventura","La disposición para asumir riesgos y explorar nuevas experiencias por disfrute y crecimiento.","Aceptó la aventura al tomar un trabajo en un país extranjero donde no conocía a nadie ni hablaba el idioma.","Personal","explorar; descubrir; experimentar; viajar; aventurarse; arriesgar; buscar; moverse; atreverse"
"Advocacy","Speaking up for what is right and supporting others to create positive change in the community.","The teacher practiced advocacy by addressing the school board about the need for more resources for students with disabilities.","Social","champion; support; defend; promote; speak; represent; advance; argue; lobby","Defensa","Alzar la voz por lo que es justo y apoyar a otras personas para crear cambios positivos en la comunidad.","La docente practicó la defensa al presentarse ante la junta escolar para solicitar más recursos para el estudiantado con discapacidades.","Social","defender; apoyar; respaldar; promover; hablar; representar; impulsar; argumentar; gestionar"
"Ambiguity","The quality of being open to more than one interpretation or having unclear meaning.","The poem's ambiguity allows readers to find their own meaning in the verses, making it personally relevant to each person.","Personal","interpret; question; consider; explore; analyze; navigate; accept; understand; appreciate","Ambigüedad","La cualidad de estar abierto a más de una interpretación o tener un significado poco claro.","La ambigüedad del poema permite que cada persona lectora encuentre su propio significado en los versos, haciéndolo relevante de manera personal.","Personal","interpretar; preguntar; considerar; explorar; analizar; navegar; aceptar; comprender; apreciar"
"Ambition","A strong desire to achieve goals and turn dreams into reality drives people to work hard and overcome challenges.","Her ambition to become the first person in her family to graduate from college motivated her to study late into the night despite working full-time.","Personal","aspire; strive; seek; pursue; desire; aim; drive; reach; advance","Ambición","Un fuerte deseo de alcanzar metas y convertir sueños en realidad impulsa a trabajar con esfuerzo y superar desafíos.","Su ambición de convertirse en la primera persona de su familia en graduarse de la universidad la motivó a estudiar hasta tarde pese a trabajar tiempo completo.","Personal","aspirar; esforzarse; buscar; perseguir; desear; apuntar; impulsarse; alcanzar; avanzar"
"Appreciation","Showing gratitude and recognizing the good things or people in life.","The manager expressed appreciation by writing personalized thank-you notes highlighting each team member's specific contributions to the successful project.","Interpersonal","value; recognize; acknowledge; cherish; treasure; admire; respect; notice; praise","Aprecio","Expresar gratitud y reconocer lo bueno de la vida o de otras personas.","La gerente expresó aprecio al escribir notas de agradecimiento personalizadas que destacaban las contribuciones específicas de cada integrante del equipo al proyecto exitoso.","Interpersonal","valorar; reconocer; agradecer; atesorar; admirar; respetar; notar; elogiar; celebrar"
"Approachability","Being open and friendly to others, making it easy for them to talk and share their thoughts.","The CEO demonstrated approachability by eating lunch in the company cafeteria and welcoming employees to sit and chat with her.","Interpersonal","welcome; engage; connect; invite; include; listen; receive; respond; interact","Cercanía","Ser abierto y amable con las demás personas, facilitando que se acerquen y compartan sus ideas.","La directora ejecutiva demostró cercanía al almorzar en la cafetería de la empresa y dar la bienvenida a quienes quisieran sentarse y conversar con ella.","Interpersonal","acoger; conversar; conectar; invitar; incluir; escuchar; recibir; responder; interactuar"
"Authenticity","Being true to oneself and honest with others, showing real feelings and beliefs.","During the job interview, she showed authenticity by honestly discussing both her strengths and areas where she needed growth.","Personal","express; reveal; represent; embody; demonstrate; live; practice; maintain; honor","Autenticidad","Vivir y expresarte de manera sincera, alineada con tus valores y sentimientos reales.","El artista mostró autenticidad al compartir su historia personal en la exposición, aun cuando sabía que provocaría conversaciones difíciles.","Personal","ser; expresar; mostrar; alinear; honrar; revelar; actuar; vivir; confiar"
"Balance","Maintaining a fair and even distribution of different elements in life or work.","She achieved balance by dedicating time each week to her career, family, health, and personal interests without letting any one area dominate.","Personal","harmonize; integrate; manage; distribute; allocate; proportion; regulate; stabilize; calibrate","Equilibrio","Distribuir tu tiempo y energía de manera armoniosa entre diferentes responsabilidades y necesidades.","Para mantener el equilibrio, reservó horas específicas para el trabajo, la familia y el descanso, evitando que una sola área consumiera todo su enfoque.","Personal","equilibrar; armonizar; ajustar; compensar; moderar; organizar; priorizar; dosificar; balancear"
"Beauty","An aesthetic quality that pleases the senses and evokes feelings of joy or admiration.","The community garden brought beauty to the once-abandoned lot, creating a space where people could experience nature's colors, scents, and textures.","Personal","appreciate; create; design; craft; express; arrange; compose; admire; perceive","Belleza","Reconocer y apreciar la armonía, la estética y la inspiración que existen en el mundo.","Encontró belleza en las pequeñas flores urbanas que fotografiaba cada mañana camino al trabajo, recordándose que la naturaleza persiste incluso en la ciudad.","Personal","apreciar; admirar; observar; contemplar; disfrutar; celebrar; descubrir; inspirar; resaltar"
"Benevolence","Showing kindness and helping others without expecting anything in return.","After the storm, neighbors demonstrated benevolence by sharing generators, clearing fallen trees from each other's properties, and cooking meals for those without power.","Interpersonal","give; help; support; assist; provide; contribute; offer; serve; benefit","Benevolencia","Desear y hacer el bien a otras personas a través de actos generosos.","Su benevolencia se manifestó al organizar comidas semanales para el refugio local y escuchar con paciencia a quienes necesitaban compañía.","Interpersonal","beneficiar; cuidar; ayudar; donar; ofrecer; aliviar; acompañar; servir; compartir"
"Boldness","Taking risks and facing challenges with confidence, even when afraid.","She showed boldness by being the first to speak up about unfair practices in the workplace, despite the risk to her position.","Personal","risk; venture; initiate; challenge; pioneer; lead; break; push; advance","Audacia","Atreverse a tomar decisiones valientes y expresar ideas sin miedo excesivo.","Mostró audacia al proponer una estrategia radicalmente distinta en la reunión, respaldándola con datos y asumiendo el riesgo de una reacción crítica.","Personal","atreverse; arriesgar; proponer; avanzar; enfrentar; desafiar; hablar; liderar; persistir"
"Bravery","Facing fears and challenges with courage, even when feeling scared or uncertain.","The child demonstrated bravery by giving his speech to the entire school despite his fear of public speaking.","Personal","face; confront; encounter; withstand; endure; overcome; challenge; stand; defend","Valentía","Enfrentar el miedo, el peligro o la incertidumbre con determinación.","Su valentía quedó clara cuando denunció la corrupción en la empresa, aun sabiendo que podría afectar su puesto.","Personal","enfrentar; afrontar; resistir; proteger; defender; actuar; denunciar; perseverar; arriesgar"
"Camaraderie","Building strong relationships and trust among people working together, creating a sense of friendship and support.","The team developed camaraderie through shared challenges, celebrations of small wins, and supporting each other during setbacks.","Interpersonal","bond; connect; relate; share; support; trust; unite; ally; associate","Camaradería","Construir lazos de confianza y apoyo mutuo dentro de un grupo.","La camaradería del equipo se fortaleció durante el retiro, cuando compartieron historias personales y se animaron en actividades colaborativas.","Interpersonal","compartir; apoyar; alentar; unir; colaborar; confiar; celebrar; conectar; acompañar"
"Capitalism","An economic system where individuals own businesses and property, and prices are determined by competition in the market.","The entrepreneur embodied capitalism by investing her savings to start a small business, taking risks, and responding to market demands.","Social","invest; profit; compete; build; grow; market; trade; own; develop","Capitalismo","Un sistema económico basado en la propiedad privada y la inversión para generar crecimiento y riqueza.","El informe analizaba cómo el capitalismo impulsa la innovación tecnológica al incentivar a las empresas a invertir en investigación y desarrollo.","Social","invertir; competir; innovar; producir; comerciar; crecer; financiar; arriesgar; optimizar"
"Caring","Showing kindness and concern for others, helping them when they need support.","The nurse demonstrated caring by sitting with the anxious patient, explaining procedures thoroughly, and checking in frequently to ensure comfort.","Interpersonal","attend; nurture; protect; watch; tend; look after; support; help; assist","Cuidado","Atender las necesidades de otras personas con empatía y apoyo.","Mostró cuidado al visitar a su vecina mayor cada tarde, llevarle comida y acompañarla durante sus citas médicas.","Interpersonal","cuidar; atender; acompañar; apoyar; escuchar; alentar; sostener; ayudar; proteger"
"Celebration","A joyful event or gathering to honor a special occasion or achievement.","The team organized a celebration to recognize their colleague's ten years with the company, sharing stories and presenting a meaningful gift.","Interpersonal","honor; recognize; commemorate; observe; mark; acknowledge; rejoice; praise; toast","Celebración","Un evento o reunión alegre para honrar una ocasión especial o un logro.","El equipo organizó una celebración para reconocer los diez años de su colega en la empresa, compartiendo historias y entregándole un regalo significativo.","Interpersonal","honrar; reconocer; conmemorar; observar; marcar; agradecer; brindar; festejar; celebrar"
"Challenge","Facing a difficult task or problem that requires effort and determination to overcome.","Learning a new language presented a welcome challenge that pushed her to develop new skills and ways of thinking.","Personal","test; push; stretch; confront; tackle; undertake; face; attempt; endeavor","Desafío","Enfrentar una tarea o problema difícil que requiere esfuerzo y determinación para superarlo.","Aprender un idioma nuevo representó un desafío bienvenido que la impulsó a desarrollar habilidades y formas de pensar distintas.","Personal","desafiar; exigir; afrontar; abordar; emprender; enfrentar; intentar; superar; perseverar"
"Charisma","The ability to attract, influence, and inspire others through charm and confidence.","The speaker's charisma captivated the audience, making complex concepts accessible and inspiring many to take action on environmental issues.","Interpersonal","inspire; attract; engage; connect; influence; motivate; captivate; energize; charm","Carisma","La capacidad de atraer, influir e inspirar a otras personas mediante encanto y confianza.","El carisma de la oradora cautivó al público, haciendo accesibles conceptos complejos e inspirando a muchas personas a actuar frente a los problemas ambientales.","Interpersonal","inspirar; atraer; encantar; conectar; influir; motivar; cautivar; energizar; fascinar"
"Choice","The ability to select between options or make decisions based on personal preference.","The school empowered students by giving them choice in their projects, allowing them to pursue topics that genuinely interested them.","Personal","decide; select; pick; opt; determine; elect; prefer; choose; judge","Elección","La capacidad de seleccionar entre opciones o tomar decisiones según las preferencias personales.","La escuela empoderó al estudiantado al darles elección en sus proyectos, permitiéndoles explorar temas que realmente les interesaban.","Personal","decidir; seleccionar; elegir; optar; determinar; preferir; escoger; deliberar; evaluar"
"Collaboration","Working together with others to achieve common goals and share ideas effectively.","The habitat restoration project succeeded through collaboration between scientists, community volunteers, and government officials, each contributing different expertise.","Interpersonal","cooperate; partner; coordinate; contribute; participate; team; join; unite; cocreate","Colaboración","Trabajar junto con otras personas para alcanzar metas comunes y compartir ideas con eficacia.","El proyecto de restauración de hábitats prosperó gracias a la colaboración entre científicas, voluntariado comunitario y funcionariado público, cada cual aportando su experiencia.","Interpersonal","colaborar; cooperar; coordinar; aportar; participar; aliarse; sumar; cocrear; integrar"
"Comedy","A form of entertainment that uses humor to make people laugh.","She used comedy during her presentation to make complex information more engaging and memorable for the audience.","Interpersonal","amuse; entertain; joke; laugh; play; jest; delight; lighten; humor","Comedia","Una forma de entretenimiento que utiliza el humor para provocar risa.","Usó la comedia durante su presentación para hacer más accesible y memorable la información compleja.","Interpersonal","divertir; entretener; bromear; reír; jugar; improvisar; deleitar; aligerar; parodiar"
"Comfort","A state of physical and emotional ease that makes people feel relaxed and safe.","The counselor created an environment of comfort by arranging soft seating, speaking gently, and assuring confidentiality.","Personal","ease; relax; soothe; calm; console; reassure; support; nurture; provide","Confort","Un estado de bienestar físico y emocional que hace que las personas se sientan relajadas y seguras.","La consejera creó un entorno de confort al disponer asientos suaves, hablar con suavidad y garantizar la confidencialidad.","Personal","consolar; relajar; calmar; apaciguar; tranquilizar; abrigar; sostener; acompañar; cuidar"
"Commitment","Being dedicated to doing what you said you would do and supporting others in achieving their goals.","Despite numerous obstacles, she showed commitment to the literacy program by volunteering every week for five years, helping hundreds learn to read.","Personal","dedicate; devote; pledge; promise; engage; persist; adhere; follow through; remain","Compromiso","Mantenerse dedicado a lo que dijiste que harías y apoyar a otras personas para alcanzar sus metas.","A pesar de numerosos obstáculos, mostró compromiso con el programa de alfabetización al ofrecerse como voluntaria todas las semanas durante cinco años, ayudando a cientos a aprender a leer.","Personal","comprometerse; dedicar; entregarse; prometer; persistir; mantener; cumplir; apoyar; sostener"
"Communication","Sharing information clearly and respectfully with others to ensure understanding and connection.","The manager practiced effective communication by explaining project goals clearly, listening to team concerns, and providing regular updates on progress.","Interpersonal","express; convey; share; discuss; explain; clarify; listen; engage; connect","Comunicación","Compartir información con claridad y respeto para asegurar comprensión y conexión.","La gerente practicó una comunicación efectiva al explicar con claridad los objetivos del proyecto, escuchar las inquietudes del equipo y ofrecer actualizaciones regulares.","Interpersonal","expresar; transmitir; compartir; dialogar; explicar; aclarar; escuchar; intercambiar; conectar"
"Community","A group of people who share common interests, goals, or values and support each other.","After the natural disaster, the neighborhood demonstrated the power of community by organizing meals, sharing resources, and helping rebuild homes.","Social","connect; participate; contribute; belong; engage; support; share; unite; build","Comunidad","Un grupo de personas que comparten intereses, metas o valores y se apoyan mutuamente.","Tras el desastre natural, el vecindario demostró el poder de la comunidad al organizar comidas, compartir recursos y ayudar a reconstruir hogares.","Social","conectar; participar; contribuir; pertenecer; involucrarse; apoyar; compartir; unir; fortalecer"
"Compassion","Caring for others and wanting to help them when they are suffering or in need.","The volunteer showed compassion by sitting with homeless individuals, listening to their stories, and connecting them with resources while treating them with dignity.","Interpersonal","care; help; support; understand; listen; empathize; comfort; assist; nurture","Compasión","Cuidar de otras personas y querer ayudarlas cuando sufren o necesitan apoyo.","La voluntaria mostró compasión al sentarse con personas sin hogar, escuchar sus historias y conectarlas con recursos tratándolas siempre con dignidad.","Interpersonal","cuidar; ayudar; apoyar; entender; escuchar; empatizar; consolar; asistir; acompañar"
"Confidence","Believing in your own abilities and judgment to succeed in different situations.","After months of preparation, she approached the presentation with confidence, speaking clearly and responding thoughtfully to challenging questions.","Personal","believe; trust; rely; assert; assume; know; practice; demonstrate; show","Autoconfianza","Creer en tus propias capacidades y criterio para tener éxito en distintas situaciones.","Tras meses de preparación, afrontó la presentación con autoconfianza, habló con claridad y respondió a preguntas difíciles con reflexión.","Personal","creer; confiar; apoyarse; afirmar; asumir; saber; practicar; demostrar; mostrar"
"Connection","A strong bond between people that helps them understand and support each other.","Through weekly video calls over many years, the grandparents and grandchildren maintained a meaningful connection despite living thousands of miles apart.","Interpersonal","link; bond; relate; join; unite; associate; bridge; engage; integrate","Conexión","Un vínculo fuerte entre personas que les ayuda a comprenderse y apoyarse.","A través de videollamadas semanales durante años, abuelos y nietas mantuvieron una conexión significativa a pesar de vivir a miles de kilómetros.","Interpersonal","vincular; relacionar; unir; juntar; asociar; acercar; compartir; dialogar; integrar"
"Cooperation","Working together toward shared goals.","The international climate initiative succeeded through cooperation between countries that put aside differences to address shared environmental challenges.","Interpersonal","assist; aid; help; support; collaborate; coordinate; participate; contribute; share","Cooperación","Trabajar juntas hacia objetivos compartidos.","La iniciativa climática internacional tuvo éxito gracias a la cooperación entre países que dejaron de lado diferencias para abordar retos ambientales comunes.","Interpersonal","asistir; ayudar; cooperar; apoyar; colaborar; coordinar; participar; contribuir; compartir"
"Courage","The ability to face fear, difficulty, or uncertainty with bravery and determination.","She showed courage by standing up to workplace bullying, reporting the behavior even though it risked her position in the company.","Personal","challenge; face; overcome; confront; brave; boldly; stand; speak; defend","Coraje","La capacidad de enfrentar el miedo, la dificultad o la incertidumbre con valentía y determinación.","Mostró coraje al enfrentar el acoso laboral, denunciar la conducta aunque eso pusiera en riesgo su puesto.","Personal","desafiar; enfrentar; superar; afrontar; atreverse; defender; alzar; denunciar; persistir"
"Craftsmanship","Creating high-quality work with attention to detail and skill.","The furniture maker demonstrated craftsmanship by carefully selecting materials, using precise joinery techniques, and finishing each piece by hand.","Personal","create; build; make; design; craft; construct; fabricate; form; produce","Artesanía","Crear cosas con habilidad, dedicación y atención al detalle.","Su artesanía destacó en el mueble hecho a mano, donde cada unión fue pulida a la perfección tras horas de trabajo paciente.","Personal","crear; diseñar; tallar; pulir; fabricar; perfeccionar; detallar; dedicar; dominar"
"Creativity","Using imagination and original ideas to create something new or solve problems.","The teacher showed creativity by designing a classroom economy that made learning math concepts engaging through real-world applications.","Personal","invent; imagine; design; conceive; develop; innovate; originate; generate; craft","Creatividad","Generar ideas nuevas y originales para resolver problemas o expresarse.","El equipo usó su creatividad para rediseñar el servicio, incorporando sugerencias de clientes y soluciones inesperadas.","Personal","imaginar; inventar; crear; experimentar; innovar; combinar; explorar; diseñar; proponer"
"Curiosity","A strong desire to learn or know more about something.","The scientist's curiosity led her to question existing theories and design experiments that eventually resulted in a breakthrough discovery.","Personal","explore; investigate; question; wonder; examine; probe; inquire; discover; learn","Curiosidad","El deseo de aprender más y hacer preguntas sobre cómo funciona el mundo.","Su curiosidad la llevó a investigar la historia de su barrio, descubriendo relatos olvidados que compartió en un podcast comunitario.","Personal","preguntar; investigar; explorar; descubrir; indagar; examinar; aprender; observar; profundizar"
"Determination","Staying focused on your goals and not giving up, even when things get tough.","After being rejected by multiple publishers, the author's determination kept her revising and submitting her manuscript until it was finally accepted.","Personal","persist; resolve; decide; commit; pursue; overcome; endure; press on; continue","Determinación","Mantener el esfuerzo constante para alcanzar una meta, incluso frente a obstáculos.","La determinación de terminar el maratón la hizo entrenar antes del amanecer y seguir corriendo cuando el cansancio parecía vencerla.","Personal","persistir; insistir; perseverar; avanzar; resistir; enfocarse; cumplir; superar; mantenerse"
"Discipline","Staying focused and following rules to achieve goals and complete tasks.","The athlete's discipline was evident in her daily training routine, carefully monitored nutrition, and consistent sleep schedule.","Personal","practice; train; develop; maintain; adhere; follow; regulate; establish; control","Disciplina","Sostener hábitos y acciones ordenadas para cumplir compromisos y objetivos.","Con disciplina, dedicó tiempo diario a practicar el piano, incluso cuando prefería descansar, y logró dominar piezas complejas.","Personal","organizar; planificar; mantener; practicar; controlar; cumplir; regular; enfocarse; perseverar"
"Effectiveness","Being effective involves getting the desired results and making a positive impact through actions and decisions.","The new program demonstrated effectiveness by reaching more people with fewer resources while achieving better outcomes than previous initiatives.","Personal","achieve; accomplish; produce; deliver; execute; complete; fulfill; realize; attain","Efectividad","Lograr resultados deseados usando recursos de manera inteligente.","La campaña demostró efectividad al combinar mensajes claros y un seguimiento cuidadoso, alcanzando las metas en menos tiempo del esperado.","Personal","lograr; optimizar; simplificar; priorizar; medir; ajustar; coordinar; cumplir; mejorar"
"Empathy","Understanding and sharing the feelings of others to connect and support them better.","The manager showed empathy by adjusting deadlines and workloads when a team member shared they were going through a difficult family situation.","Interpersonal","understand; feel; connect; relate; share; sense; perceive; recognize; acknowledge","Empatía","Comprender y compartir los sentimientos de otras personas.","Demostró empatía al escuchar sin interrumpir a su compañera y reconocer cómo la decisión afectaba su bienestar.","Interpersonal","comprender; sentir; escuchar; acoger; ponerse en el lugar; acompañar; apoyar; reconocer; resonar"
"Equality","Fair treatment and equal opportunities for everyone, regardless of their differences.","The company promoted equality by implementing blind resume screening and standardized interview questions to reduce unconscious bias in hiring.","Social","balance; equalize; level; match; standardize; harmonize; align; treat; distribute","Igualdad","Tratar a todas las personas con el mismo valor y acceso a oportunidades.","La organización promovió la igualdad al revisar sus políticas salariales para eliminar brechas injustificadas.","Social","igualar; equilibrar; respetar; garantizar; incluir; proteger; defender; equiparar; valorar"
"Experiment","A value represents the importance or worth of something, guiding decisions and actions in life.","The teacher encouraged students to experiment with different approaches to problem-solving rather than focusing only on finding the right answer.","Personal","test; try; explore; attempt; investigate; examine; probe; analyze; verify","Experimentación","Probar ideas nuevas para aprender de los resultados.","Implementó experimentación en el aula al permitir que el alumnado diseñara pequeñas pruebas para comprobar sus hipótesis científicas.","Personal","probar; ensayar; evaluar; iterar; ajustar; explorar; aprender; medir; descubrir"
"Exploration","The act of searching for new places, ideas, or experiences to learn and discover.","The company dedicated time each week for employees to pursue exploration of topics outside their usual responsibilities, leading to innovative solutions.","Personal","discover; search; investigate; examine; survey; study; venture; journey; probe","Exploración","Investigar lo desconocido para descubrir información, lugares o experiencias.","Su exploración de los humedales locales reveló especies poco documentadas y motivó un plan de conservación.","Personal","explorar; recorrer; investigar; mapear; buscar; descubrir; analizar; aprender; documentar"
"Fairness","Treating everyone equally and justly, ensuring that all have the same opportunities and rights.","The referee demonstrated fairness by applying the rules consistently for both teams, regardless of the score or circumstances.","Social","balance; equalize; moderate; adjust; proportion; harmonize; judge; assess; treat","Equidad","Tratar a las personas con justicia, sin favoritismos ni prejuicios.","La jueza se esforzó por mantener la equidad al escuchar cada testimonio con atención y basar el fallo en los hechos.","Social","equilibrar; impartir; respetar; considerar; evaluar; compensar; garantizar; ponderar; proteger"
"Family","A group of people related by blood, marriage, or adoption who support and care for each other.","Despite living in different countries, they maintained strong family connections through weekly video calls, shared online photo albums, and annual reunions.","Interpersonal","nurture; support; care; connect; love; protect; provide; cherish; prioritize","Familia","La red de personas unidas por vínculos de afecto y cuidado mutuo.","Su familia se reunió cada domingo para cocinar juntas, compartir historias y apoyarse en los retos de la semana.","Interpersonal","cuidar; apoyar; reunir; acompañar; amar; compartir; nutrir; conectar; celebrar"
"Fine Art","Creative works that express beauty or emotions through visual forms like painting, sculpture, and drawing.","The community center's fine art program allowed residents to express themselves through painting, sculpture, and other visual media.","Personal","create; express; compose; craft; design; appreciate; study; display; interpret","Bellas Artes","Manifestaciones artísticas creadas para inspirar, conmover o expresar ideas profundas.","El museo exhibió bellas artes contemporáneas que invitaban a reflexionar sobre la justicia social.","Personal","crear; pintar; esculpir; componer; exponer; interpretar; inspirar; emocionar; apreciar"
"Flexibility","Being open to change and able to adapt to new circumstances or challenges.","When the outdoor event was threatened by rain, the coordinator showed flexibility by quickly creating a backup indoor plan that still met all objectives.","Personal","adapt; adjust; modify; accommodate; yield; bend; transform; pivot; shift","Flexibilidad","Adaptarse a cambios y ajustar los planes con facilidad.","Su flexibilidad permitió reconfigurar el proyecto cuando surgieron nuevas prioridades sin perder la dirección general.","Personal","adaptarse; ajustar; modificar; cambiar; transformar; acomodarse; pivotar; responder; reorganizar"
"Foresight","The ability to think ahead and plan for the future by considering possible outcomes and challenges.","The business leader showed foresight by investing in digital infrastructure years before the pandemic made remote work essential.","Personal","predict; anticipate; forecast; envision; project; plan; prepare; consider; foresee","Previsión","Anticipar necesidades futuras y prepararse para ellas.","Gracias a su previsión, la organización invirtió en herramientas digitales antes de la crisis y pudo seguir operando sin interrupciones.","Personal","anticipar; planear; prever; imaginar; proyectar; preparar; analizar; estimar; alertar"
"Forgiveness","Letting go of anger or resentment towards someone who has hurt you.","After a serious disagreement that threatened their friendship, she practiced forgiveness by having an honest conversation and choosing to move forward without holding a grudge.","Interpersonal","release; pardon; absolve; exonerate; excuse; free; reconcile; accept; heal","Perdón","Liberar el resentimiento hacia quienes causaron daño y abrir espacio para sanar.","Eligió el perdón cuando invitó a conversar a su amiga con quien había discutido, expresando cómo se sentía y acordando nuevas formas de cuidarse.","Interpersonal","perdonar; liberar; sanar; soltar; comprender; reconciliar; acoger; aceptar; reparar"
"Freedom","The power or right to act, speak, or think without hindrance or restraint.","The remote work policy gave employees freedom to choose their working hours and location, resulting in higher productivity and job satisfaction.","Personal","choose; determine; decide; express; move; act; think; speak; direct","Libertad","La capacidad de actuar y tomar decisiones sin restricciones injustas.","La campaña defendió la libertad de prensa al exigir leyes que protegieran a periodistas de represalias.","Personal","liberar; elegir; actuar; expresar; moverse; defender; proteger; garantizar; reclamar"
"Friendship","A strong bond between people that involves trust, support, and caring for each other.","Their friendship endured for decades through life's challenges, offering consistent support, honest feedback, and shared celebrations.","Interpersonal","connect; share; support; enjoy; confide; trust; listen; understand; appreciate","Amistad","Una relación de confianza, cariño y apoyo mutuo entre personas.","Su amistad se fortaleció al acompañarse en las buenas noticias y también en los momentos de duelo.","Interpersonal","acompañar; apoyar; compartir; escuchar; cuidar; celebrar; confiar; animar; valorar"
"Fun","Enjoyment and amusement that brings joy and entertainment to people's lives.","The teacher incorporated fun into math lessons through games and real-world challenges, helping students develop a love for the subject.","Personal","enjoy; play; laugh; amuse; delight; entertain; celebrate; revel; engage","Diversión","Disfrutar actividades que generan alegría y juego.","Organizaron una tarde de juegos cooperativos que llenó de diversión la sala y dejó al equipo con energía renovada.","Personal","disfrutar; jugar; reír; celebrar; explorar; bromear; relajarse; participar; animar"
"Grace","A kind of love and kindness that shows compassion and forgiveness to others, even when they don't deserve it.","When a new employee made a costly mistake, the manager responded with grace, focusing on learning opportunities rather than blame or punishment.","Interpersonal","move; act; respond; extend; offer; display; communicate; forgive; accept","Gracia","Actuar con elegancia, amabilidad y calma incluso en momentos difíciles.","Respondió con gracia a la crítica inesperada, agradeciendo los comentarios y buscando maneras de mejorar.","Interpersonal","agradecer; aceptar; responder; calmar; acomodar; sonreír; escuchar; apreciar; sostener"
"Gratitude","Appreciating and recognizing the good things in life and the people who contribute to our happiness.","She practiced gratitude by keeping a daily journal noting three things she was thankful for, gradually shifting her focus to life's positive aspects.","Personal","appreciate; thank; recognize; acknowledge; value; treasure; express; show; demonstrate","Gratitud","Reconocer y agradecer lo que se recibe de la vida y de otras personas.","Cultivó gratitud al escribir cada noche tres cosas pequeñas que la hicieron sonreír durante el día.","Personal","agradecer; reconocer; valorar; apreciar; celebrar; recordar; honrar; compartir; expresar"
"Growth","The process of improving skills, knowledge, or size over time.","The company focused on employee growth by providing mentoring, educational opportunities, and gradually increasing responsibilities.","Personal","develop; learn; improve; advance; expand; progress; evolve; strengthen; mature","Crecimiento","Desarrollar habilidades, perspectivas y capacidades a lo largo del tiempo.","Su crecimiento profesional se vio en cómo asumió nuevos retos y pidió retroalimentación constante.","Personal","crecer; aprender; mejorar; expandir; desarrollar; evolucionar; progresar; superar; reforzar"
"Happiness","A state of well-being and joy that comes from positive experiences and feelings.","Rather than pursuing material possessions, she found happiness through meaningful relationships, purposeful work, and regular time in nature.","Personal","enjoy; appreciate; celebrate; delight; savor; cherish; experience; relish; embrace","Felicidad","Un estado de bienestar y alegría sostenidos por experiencias significativas.","Encontró felicidad al dedicar tiempo semanal al voluntariado con niñas y niños, lo que le recordaba su propósito.","Personal","sonreír; disfrutar; celebrar; agradecer; compartir; apreciar; valorar; vivir; brillar"
"Health","The state of being free from illness or injury, and maintaining physical and mental well-being.","She prioritized her health by establishing consistent sleep patterns, preparing nutritious meals, exercising regularly, and practicing stress management.","Personal","maintain; improve; strengthen; nourish; protect; exercise; rest; balance; monitor","Salud","El bienestar integral del cuerpo y la mente.","Priorizó su salud al combinar actividad física, descanso adecuado y visitas médicas regulares.","Personal","cuidar; nutrir; descansar; moverse; prevenir; equilibrar; vigilar; fortalecer; sanar"
"History","The value refers to the importance or worth of something in terms of its usefulness or significance.","The museum preserved local history by collecting artifacts, recording oral histories from elders, and creating interactive exhibits for the community.","Social","study; document; preserve; record; remember; analyze; research; teach; learn","Historia","El estudio y la memoria de los eventos y personas del pasado.","El archivo comunitario preservó la historia del vecindario recopilando fotografías y relatos de residentes mayores.","Social","documentar; recordar; investigar; archivar; preservar; contar; analizar; enseñar; reflexionar"
"Honesty","Being truthful and transparent in thoughts, words, and actions without hiding or lying.","When the company encountered financial difficulties, the CEO demonstrated honesty by clearly communicating the challenges to employees and stakeholders.","Interpersonal","truth; speak; admit; acknowledge; confess; disclose; reveal; share; tell","Honestidad","Decir la verdad y actuar con transparencia.","La gerente mostró honestidad al reconocer un error en público y explicar cómo lo corregiría.","Interpersonal","decir; revelar; admitir; explicar; transparentar; confesar; mostrar; contar; clarificar"
"Honor","Being fair and truthful in your actions and treating others with respect.","The competitor showed honor by pointing out a scoring error that benefited them unfairly, even though it meant potentially losing the championship.","Personal","respect; integrity; dignity; ethical; principled; moral; virtuous; noble; upright","Honor","Actuar con integridad y respeto hacia los valores que consideras importantes.","Eligió el honor al cumplir la promesa hecha a su equipo, incluso cuando implicó un sacrificio personal.","Personal","honrar; respetar; cumplir; defender; mantener; reconocer; servir; proteger; actuar"
"Hope","A feeling of expectation and desire for a positive outcome in the future.","Despite receiving a difficult diagnosis, she maintained hope by focusing on promising new treatments and making meaningful plans for the future.","Personal","anticipate; expect; look forward; believe; trust; envision; imagine; inspire; aspire","Esperanza","Creer que el futuro puede mejorar y trabajar para hacerlo posible.","La comunidad mantuvo la esperanza al plantar un jardín colectivo después de la tormenta, simbolizando nuevos comienzos.","Personal","esperar; confiar; animar; soñar; visualizar; impulsar; apoyar; persistir; sembrar"
"Humility","Being humble involves recognizing and appreciating the value of others without boasting about oneself.","Despite being an expert in her field, she showed humility by acknowledging what she still had to learn and recognizing others' contributions to projects.","Personal","acknowledge; accept; recognize; learn; listen; admit; yield; surrender; embrace","Humildad","Reconocer tus límites y aprender de otras personas sin arrogancia.","Demostró humildad al admitir que necesitaba ayuda y agradecer al equipo por compartir su experiencia.","Personal","reconocer; aprender; escuchar; agradecer; servir; compartir; valorar; admitir; ajustar"
"Humor","A way of thinking or expressing ideas that makes people laugh or feel good.","The team leader used humor to help everyone relax during tense situations and to build connections among team members from different backgrounds.","Interpersonal","laugh; joke; amuse; entertain; play; create; share; enjoy; lighten","Humor","Encontrar lo divertido en situaciones para aliviar tensiones y conectar con otras personas.","Su humor ligero durante la reunión redujo la tensión y permitió retomar la conversación con más creatividad.","Interpersonal","reír; bromear; relajar; aligerar; compartir; entretener; conectar; divertir; improvisar"
"Imagination","The ability to create ideas or images in your mind that are not present in the real world.","The architect used imagination to design a building that not only met functional requirements but also inspired wonder and connected with its natural surroundings.","Personal","envision; create; dream; invent; conceive; visualize; conceptualize; design; formulate","Imaginación","Crear imágenes e ideas en la mente para explorar posibilidades nuevas.","La imaginación de la diseñadora dio vida a un prototipo que combinaba tecnología y tradición artesanal.","Personal","imaginar; soñar; visualizar; crear; explorar; inventar; idear; fantasear; innovar"
"Impact","Making a positive difference in people's lives or the world around us.","The literacy program had tremendous impact, helping thousands of adults learn to read and significantly improving their employment opportunities and self-confidence.","Social","influence; affect; change; transform; shape; alter; modify; improve; revolutionize","Impacto","Generar un cambio significativo en personas, sistemas o entornos.","El programa tuvo impacto al reducir drásticamente el desperdicio de alimentos y fortalecer las redes de apoyo barrial.","Social","impactar; transformar; influir; cambiar; mejorar; ampliar; movilizar; fortalecer; sostener"
"Independence","The ability to make choices and act freely without being controlled by others.","After years of practice, the teenager with disabilities achieved independence by learning to use public transportation and manage daily responsibilities.","Personal","manage; decide; direct; control; maintain; sustain; operate; function; lead","Independencia","Tomar decisiones y actuar con autonomía.","Buscó independencia al aprender a administrar sus finanzas y elegir la carrera que realmente deseaba.","Personal","autogestionar; decidir; actuar; elegir; emprender; liderar; asumir; organizar; sostenerse"
"Initiative","Taking action to make things better or to start new projects without waiting for others to do it first.","Noticing that new employees struggled to navigate company systems, she took initiative by creating a comprehensive onboarding guide without being asked.","Personal","begin; start; launch; instigate; introduce; establish; create; originate; undertake","Iniciativa","Dar el primer paso sin esperar instrucciones.","Mostró iniciativa al crear un plan de bienvenida para las nuevas personas del equipo antes de que se lo solicitaran.","Personal","iniciar; proponer; actuar; anticipar; liderar; emprender; organizar; crear; movilizar"
"Inner Peace","A state of mental and emotional calmness, free from stress and anxiety.","Through daily meditation and mindfulness practices, she cultivated inner peace that allowed her to remain calm and centered even during challenging situations.","Personal","cultivate; maintain; practice; develop; nurture; find; create; experience; embody","Paz interior","Un sentido de calma y equilibrio emocional que surge desde adentro.","Cultivó paz interior mediante meditaciones breves durante el día y pausas conscientes para respirar.","Personal","respirar; calmar; meditar; equilibrar; centrar; soltar; escuchar; descansar; contemplar"
"Innovation","Creating new ideas and better ways to solve problems or improve things.","The company encouraged innovation by setting aside time for employees to experiment with new ideas and celebrating creative failures as learning opportunities.","Personal","create; design; develop; pioneer; revolutionize; transform; reinvent; originate; advance","Innovación","Aplicar ideas nuevas para mejorar procesos, productos o servicios.","La empresa impulsó la innovación al experimentar con materiales reciclados para sus empaques.","Personal","innovar; crear; experimentar; desarrollar; iterar; implementar; mejorar; prototipar; adaptar"
"Integrity","Living honestly and being true to oneself and others, even when facing challenges, builds trust and connection.","The executive demonstrated integrity by declining a profitable contract because the client's practices didn't align with the company's environmental values.","Personal","uphold; maintain; practice; live; demonstrate; exhibit; show; honor; embody","Integridad","Mantener coherencia entre valores, palabras y acciones.","Su integridad se reflejó en que rechazó una oferta lucrativa que contradecía los principios de la organización.","Personal","alinear; respetar; cumplir; actuar; honrar; sostener; mostrar; defender; ser"
"Intuition","The ability to understand something immediately, without needing to think about it or use logic.","The experienced doctor used her intuition to investigate symptoms that seemed minor but suggested a more serious underlying condition.","Personal","sense; feel; perceive; know; recognize; understand; discern; detect; trust","Intuición","Confiar en la percepción interna para guiar decisiones.","Siguió su intuición al modificar el diseño de la campaña, y la respuesta positiva confirmó su elección.","Personal","intuir; sentir; escuchar; percibir; confiar; discernir; notar; responder; fluir"
"Justice","Fair treatment for everyone, ensuring that rights are respected and wrongs are corrected.","The organization worked for justice by providing free legal representation to community members who couldn't afford legal help when facing eviction.","Social","promote; defend; uphold; fight; advocate; support; stand; speak; protect","Justicia","Garantizar que todas las personas reciban trato equitativo y reparación cuando se vulneran sus derechos.","El colectivo luchó por justicia al acompañar casos de discriminación y exigir cambios estructurales.","Social","reparar; defender; proteger; denunciar; garantizar; igualar; restaurar; equilibrar; legislar"
"Kindness","Being friendly and helpful to others, showing care and consideration in your actions and words.","The busy executive practiced kindness by learning the names of maintenance staff, asking about their families, and expressing appreciation for their work.","Interpersonal","help; share; offer; extend; give; provide; support; assist; serve","Amabilidad","Actuar con gentileza y consideración hacia otras personas.","Mostró amabilidad al dejar notas de aliento anónimas en los escritorios de sus compañeros.","Interpersonal","cuidar; apoyar; sonreír; escuchar; ayudar; acompañar; animar; ofrecer; consolar"
"Knowledge","Understanding and using information, facts, and skills gained through experience or education.","The mentor shared knowledge accumulated over decades in the field, helping new professionals avoid common pitfalls and accelerate their development.","Personal","learn; study; understand; research; investigate; discover; examine; explore; comprehend","Conocimiento","Comprender información, habilidades y experiencias que amplían la mente.","Buscó conocimiento al inscribirse en cursos nocturnos sobre historia local y compartir lo aprendido en su comunidad.","Personal","aprender; estudiar; investigar; leer; analizar; enseñar; profundizar; compartir; memorizar"
"Laughter","A joyful expression often shared in response to humor or fun situations.","The family prioritized laughter during difficult times, finding moments for games and jokes that provided essential emotional relief.","Interpersonal","enjoy; share; create; experience; express; release; connect; appreciate; embrace","Risa","Expresar alegría mediante carcajadas y sonrisas compartidas.","La risa llenó la casa cuando la familia recordó anécdotas graciosas durante la cena.","Interpersonal","reír; sonreír; bromear; celebrar; disfrutar; contagiar; iluminar; animar; relajar"
"Leadership","Guiding and inspiring others to work together towards common goals.","During the crisis, she demonstrated leadership by staying calm, clearly communicating priorities, and empowering team members to make decisions in their areas.","Interpersonal","guide; direct; inspire; influence; motivate; empower; develop; mentor; serve","Liderazgo","Inspirar y guiar a las personas para alcanzar objetivos comunes.","Ejerció liderazgo al escuchar a su equipo, sintetizar ideas y marcar un rumbo claro durante la crisis.","Interpersonal","guiar; inspirar; motivar; organizar; dirigir; apoyar; empoderar; coordinar; decidir"
"Learning","Gaining knowledge or skills through study, experience, or teaching.","Even after 40 years in the field, the surgeon prioritized learning by attending conferences, reading research, and seeking feedback from colleagues.","Personal","study; discover; explore; research; investigate; understand; absorb; master; practice","Aprendizaje","Adquirir nueva comprensión a través de estudio y experiencia.","El aprendizaje continuo del grupo se dio al reflexionar después de cada proyecto y ajustar su enfoque.","Personal","aprender; estudiar; practicar; reflexionar; experimentar; descubrir; analizar; aplicar; crecer"
"Legacy","Leaving a positive impact on future generations through actions and values.","The philanthropist created a legacy by establishing a foundation that would continue funding educational opportunities long after her lifetime.","Social","build; create; leave; establish; develop; pass on; invest; shape; influence","Legado","El impacto duradero que dejas en personas, instituciones o lugares.","Su legado como mentora vive en las generaciones de líderes que apoyó y formó.","Social","trascender; inspirar; construir; guiar; enseñar; donar; compartir; impactar; preservar"
"Love","A deep feeling of affection and care for someone or something.","The parents demonstrated love by providing consistent support, setting healthy boundaries, and encouraging their children to pursue their own interests.","Interpersonal","care; cherish; adore; treasure; value; nurture; support; connect; bond","Amor","Un sentimiento profundo de afecto, cuidado y compromiso.","Expresó amor al cuidar a su padre durante la recuperación, escuchando sus historias y manteniéndolo animado.","Interpersonal","amar; cuidar; abrazar; acompañar; apoyar; proteger; nutrir; compartir; agradecer"
"Loyalty","Being loyal involves staying true to someone or something, supporting them through good times and bad.","Despite receiving better job offers, she showed loyalty to the company that had supported her during difficult personal times.","Interpersonal","commit; defend; support; maintain; uphold; honor; serve; protect; remain","Lealtad","Mantener compromiso y apoyo constante hacia personas, causas o comunidades.","Su lealtad se evidenció al permanecer con el equipo en tiempos difíciles y defender sus necesidades.","Interpersonal","respaldar; apoyar; cumplir; permanecer; defender; honrar; acompañar; sostener; proteger"
"Luxury","A state of great comfort or elegance, often involving expensive items or experiences.","The boutique hotel offered luxury through personalized service, handcrafted furnishings, and exceptional attention to every detail of the guest experience.","Personal","indulge; enjoy; appreciate; savor; experience; acquire; select; choose; curate","Lujo","Disfrutar comodidades y experiencias exclusivas que superan lo necesario.","Para su aniversario eligieron el lujo de un viaje enológico con cenas privadas y alojamiento histórico.","Personal","disfrutar; consentir; adornar; degustar; adquirir; valorar; elegir; distinguir; conceder"
"Meditation","A practice that helps calm the mind and focus on the present moment.","She incorporated meditation into her daily routine, spending fifteen minutes each morning focusing on her breath and observing her thoughts without judgment.","Personal","practice; center; focus; reflect; observe; breathe; calm; attend; contemplate","Meditación","Practicar la atención consciente para calmar la mente y el cuerpo.","Incorporó la meditación a su rutina al dedicar diez minutos diarios a observar la respiración.","Personal","meditar; respirar; centrar; enfocar; calmar; observar; escuchar; relajar; reflexionar"
"Mental Health","A state of well-being where individuals can cope with stress, work productively, and contribute to their community.","The company prioritized mental health by providing counseling services, stress management training, and flexible scheduling during difficult times.","Personal","maintain; nurture; monitor; improve; support; balance; regulate; develop; protect","Salud mental","El bienestar emocional, psicológico y social que permite manejar el estrés y relacionarse de forma equilibrada.","Protegió su salud mental al asistir a terapia, establecer límites claros y mantenerse conectada con amistades de confianza.","Personal","cuidar; hablar; procesar; descansar; regular; buscar apoyo; reforzar; equilibrar; sanar"
"Mentorship","Helping others grow by sharing knowledge, experience, and support.","The experienced engineer provided mentorship to new team members, offering guidance on technical challenges and career navigation.","Interpersonal","guide; teach; support; develop; advise; share; coach; nurture; help","Mentoría","Acompañar y guiar a otras personas para apoyar su crecimiento.","La mentoría se reflejó en las reuniones mensuales donde revisaba objetivos y conectaba a su aprendiz con oportunidades.","Interpersonal","guiar; aconsejar; escuchar; apoyar; enseñar; conectar; orientar; motivar; desarrollar"
"Mindfulness","Being aware of the present moment and accepting thoughts and feelings without judgment.","During the high-pressure meeting, she practiced mindfulness by noticing her rising stress, taking deliberate breaths, and refocusing on the current discussion.","Personal","observe; notice; attend; focus; realize; recognize; acknowledge; practice; experience","Atención plena","Estar presente con conciencia en el momento actual sin juzgar.","Practicó atención plena al notar sus pensamientos durante una conversación difícil y responder con calma.","Personal","observar; respirar; notar; aceptar; centrar; percibir; escuchar; sentir; reflexionar"
"Mission","A mission is a clear statement that describes the purpose and goals of an organization or group.","The nonprofit's mission to provide technology education to underserved communities guided all their program decisions and resource allocations.","Personal","pursue; fulfill; accomplish; achieve; drive; dedicate; commit; focus; serve","Misión","El propósito central que guía acciones y decisiones.","El equipo actualizó su misión para enfocarse en reducir el desperdicio alimentario en la región.","Personal","definir; enfocar; dirigir; alinear; comprometerse; comunicar; priorizar; avanzar; servir"
"Money","A medium of exchange used to buy goods and services.","Rather than focusing only on accumulating money, she viewed it as a tool for creating security, supporting causes she valued, and providing opportunities.","Personal","earn; save; invest; manage; budget; allocate; acquire; build; grow","Dinero","Un recurso que permite intercambiar bienes y servicios y apoyar objetivos.","Administró su dinero creando un presupuesto que incluía ahorro, donaciones y gastos esenciales.","Personal","ahorrar; invertir; ganar; presupuestar; administrar; gastar; donar; planificar; equilibrar"
"Movement","The act of changing position or location, often involving physical activity or effort.","The physical therapist incorporated different forms of movement into the rehabilitation plan, gradually rebuilding strength and mobility.","Personal","exercise; train; practice; perform; engage; express; flow; develop; explore","Movimiento","Mantener el cuerpo activo para fortalecer la salud y la energía.","Integró movimiento en su jornada al caminar al trabajo y practicar danza por la noche.","Personal","moverse; caminar; estirar; bailar; correr; saltar; activar; respirar; fortalecer"
"Networking","Building and maintaining relationships with people to share information and opportunities.","She approached networking as relationship-building rather than transaction, focusing on how she could help others and creating genuine connections.","Interpersonal","connect; exchange; link; relate; communicate; engage; introduce; build; establish","Redes","Crear y mantener relaciones profesionales de apoyo mutuo.","Fortaleció sus redes al asistir a encuentros del sector y conectar colegas que podían colaborar.","Interpersonal","conectar; presentar; colaborar; compartir; apoyar; relacionar; seguir; comunicar; vincular"
"Open-mindedness","Being willing to consider new ideas and different viewpoints without judging them right away.","When team members proposed an approach contrary to his initial plan, the director demonstrated open-mindedness by listening carefully and incorporating their insights.","Personal","consider; explore; examine; listen; evaluate; question; learn; adapt; accept","Mente abierta","Estar dispuesto a considerar nuevas ideas y perspectivas sin juicio inmediato.","Mostró mente abierta al escuchar a la comunidad local antes de diseñar el programa.","Personal","escuchar; considerar; aprender; aceptar; explorar; dialogar; respetar; adaptarse; evolucionar"
"Optimism","A hopeful attitude that looks for good outcomes and believes in positive possibilities.","During the company's challenging transition, the leader maintained optimism by acknowledging difficulties while highlighting progress and opportunities ahead.","Personal","hope; expect; believe; trust; anticipate; envision; look forward; encourage; inspire","Optimismo","Mantener una visión positiva sobre el futuro y las posibilidades.","Su optimismo motivó al equipo a seguir buscando soluciones creativas incluso después de varios intentos fallidos.","Personal","confiar; esperar; animar; sonreír; visualizar; impulsar; apoyar; motivar; persistir"
"Partnership","Working together with others to achieve common goals and build strong relationships.","The two organizations formed a partnership that combined their different strengths to create a more comprehensive approach to community health.","Interpersonal","collaborate; cooperate; ally; join; share; build; develop; create; maintain","Alianza","Colaborar con otra persona u organización para compartir responsabilidades y beneficios.","La alianza entre la cooperativa y la universidad permitió lanzar un programa de capacitación accesible.","Interpersonal","aliarse; cooperar; coordinar; compartir; acordar; negociar; sincronizar; apoyar; coliderar"
"Patience","The ability to wait calmly and without frustration for something to happen or for a situation to change.","The teacher showed patience by explaining the concept multiple times using different approaches until each student understood.","Personal","wait; endure; persist; tolerate; accept; bear; withstand; continue; remain","Paciencia","Esperar con calma y perseverancia sin frustrarse.","Practicar paciencia le permitió acompañar a su hijo en el aprendizaje de la lectura sin presionarlo.","Personal","esperar; respirar; acompañar; escuchar; soportar; persistir; comprender; calmar; sostener"
"Perseverance","Sticking with a task or goal even when it gets tough or takes a long time.","After multiple failed prototypes over three years, the inventor's perseverance finally led to a working design that solved the problem.","Personal","persist; continue; endure; overcome; strive; push; pursue; sustain; withstand","Perseverancia","Continuar trabajando hacia una meta pese a obstáculos repetidos.","Su perseverancia quedó demostrada al presentar la iniciativa ante múltiples comités hasta obtener aprobación.","Personal","persistir; insistir; resistir; avanzar; superar; mantenerse; trabajar; seguir; lograr"
"Philanthropy","Helping others by giving money, time, or resources to support causes that improve people's lives and communities.","The entrepreneur practiced philanthropy by donating a significant portion of profits to education programs and volunteering monthly at community centers.","Social","give; donate; support; contribute; fund; help; assist; share; provide","Filantropía","Donar recursos, tiempo o talento para apoyar el bien común.","Su filantropía se manifestó al financiar becas y asesorar a jóvenes emprendedores de comunidades rurales.","Social","donar; apoyar; invertir; compartir; impulsar; financiar; acompañar; servir; sostener"
"Physical Health","Being physically healthy involves maintaining a strong body through regular exercise, good nutrition, and proper rest.","She maintained her physical health through daily walks, balanced meals with plenty of vegetables, and prioritizing eight hours of sleep each night.","Personal","exercise; nourish; strengthen; rest; train; maintain; develop; practice; protect","Salud física","El estado de cuidado del cuerpo mediante actividad, nutrición y descanso.","Cultivó su salud física al preparar comidas nutritivas y mantener un plan de ejercicios moderados.","Personal","moverse; alimentar; descansar; ejercitar; hidratar; fortalecer; cuidar; prevenir; estirar"
"Piety","A deep respect and devotion to something sacred or holy, often shown through actions and beliefs.","His piety was evident in his daily prayer practice, regular attendance at worship services, and how he applied his religious teachings to ethical decisions.","Personal","pray; worship; reverence; practice; observe; follow; honor; respect; devotion","Piedad","Demostrar devoción espiritual o religiosa mediante prácticas respetuosas.","Su piedad se reflejaba en rituales diarios de oración y servicio voluntario en su comunidad de fe.","Personal","orar; honrar; respetar; meditar; servir; ofrecer; agradecer; celebrar; compartir"
"Positive Attitude","Staying hopeful and cheerful, even when things are tough, helps to create a better environment and encourages others.","Despite facing significant project setbacks, the team leader maintained a positive attitude, focusing on solutions and acknowledging each step forward.","Personal","choose; practice; maintain; cultivate; develop; exercise; demonstrate; exhibit; show","Actitud positiva","Enfocar los pensamientos en posibilidades constructivas incluso ante retos.","Mantuvo una actitud positiva al reconocer cada pequeño avance del equipo durante la reestructuración.","Personal","animar; motivar; agradecer; sonreír; reencuadrar; apoyar; confiar; inspirar; persistir"
"Pragmatism","This value emphasizes practical solutions and actions that work effectively in real-life situations.","The manager's pragmatism led her to implement immediate workable solutions rather than waiting for perfect ones, allowing the project to move forward.","Personal","apply; implement; use; adapt; focus; develop; execute; employ; utilize","Pragmatismo","Tomar decisiones basadas en lo que funciona en la práctica.","Mostró pragmatismo al ajustar el plan con recursos disponibles en lugar de esperar condiciones perfectas.","Personal","evaluar; adaptar; ajustar; priorizar; resolver; optimizar; implementar; medir; simplificar"
"Presence","Being fully engaged and attentive in the moment, showing awareness of one's surroundings and the people in it.","During conversations, she demonstrated presence by putting away her phone, maintaining eye contact, and responding thoughtfully to what was being said.","Personal","attend; focus; notice; engage; experience; observe; be; remain; participate","Presencia","Participar plenamente en el momento, mostrando atención genuina.","Ofreció presencia al guardar el teléfono y escuchar con interés durante la conversación difícil.","Personal","estar; escuchar; atender; observar; conectar; acompañar; centrar; participar; sostener"
"Professionalism","Showing respect, responsibility, and good behavior in the workplace or any professional setting.","Even during the tense meeting, she maintained professionalism by speaking calmly, focusing on facts rather than emotions, and treating everyone with respect.","Personal","maintain; demonstrate; uphold; practice; exhibit; display; conduct; represent; show","Profesionalismo","Actuar con responsabilidad, ética y calidad en el trabajo.","Su profesionalismo se notó en la puntualidad, la comunicación clara y la preparación detallada de cada reunión.","Personal","cumplir; organizar; respetar; comunicar; preparar; presentar; colaborar; responder; mejorar"
"Purpose","A reason for doing something that guides actions and decisions.","After volunteering with homeless youth, she found her purpose in developing affordable housing solutions, which guided her career choices thereafter.","Personal","pursue; discover; fulfill; find; define; create; live; express; embody","Propósito","La razón significativa que orienta tus decisiones y energía.","Reafirmó su propósito al dedicar el proyecto a ampliar el acceso a la educación en su barrio.","Personal","definir; enfocar; alinear; guiar; comprometerse; servir; priorizar; reflexionar; avanzar"
"Quality","Being committed to excellence and ensuring that products or services meet high standards.","The artisan baker demonstrated quality by sourcing the finest ingredients, perfecting techniques over years, and refusing to sell anything below her standards.","Personal","create; ensure; maintain; improve; achieve; deliver; produce; craft; perfect","Calidad","Ofrecer resultados excelentes mediante atención al detalle y mejora continua.","El equipo protegió la calidad al revisar cada entregable y aprender de la retroalimentación.","Personal","mejorar; perfeccionar; cuidar; verificar; ajustar; detallar; optimizar; garantizar; pulir"
"Recognition","Valuing and acknowledging the contributions and achievements of others.","The director practiced recognition by highlighting team members' specific contributions during meetings and writing personal thank-you notes for exceptional work.","Interpersonal","acknowledge; appreciate; honor; notice; praise; celebrate; commend; highlight; award","Reconocimiento","Apreciar y celebrar las contribuciones de otras personas.","Instituyeron un momento semanal de reconocimiento para destacar logros individuales y colectivos.","Interpersonal","reconocer; agradecer; celebrar; nombrar; aplaudir; visibilizar; honrar; compartir; elogiar"
"Recovery","A process of returning to a normal state after a difficult situation or injury.","After the surgical procedure, she committed to her recovery by following rehabilitation exercises, gradually increasing activity, and maintaining a positive mindset.","Personal","heal; restore; reclaim; rebuild; regain; overcome; rehabilitate; mend; strengthen","Recuperación","Regresar a un estado saludable después de una dificultad.","Su recuperación avanzó al recibir fisioterapia constante y apoyo emocional de sus amigos.","Personal","recuperar; sanar; rehabilitar; descansar; fortalecer; apoyarse; progresar; cuidar; persistir"
"Reliability","Being dependable and consistently doing what you say you will do.","The supplier demonstrated reliability by delivering materials on time for every order over five years, even during industry-wide shortages.","Personal","fulfill; deliver; complete; uphold; maintain; honor; execute; accomplish; meet","Fiabilidad","Ser consistente y cumplir lo que se promete.","La fiabilidad de la voluntaria se reflejó en que nunca faltó a sus turnos y siempre completó sus tareas.","Personal","cumplir; responder; garantizar; asegurar; mantener; apoyar; entregar; confiar; sostener"
"Representation","The act of showing or depicting ideas, people, or groups in a way that reflects their true nature and experiences.","The media company improved representation by ensuring its stories included diverse perspectives and were created by teams with varied backgrounds and experiences.","Social","include; speak; advocate; embody; reflect; symbolize; stand; present; portray","Representación","Dar voz y visibilidad a personas y perspectivas diversas.","Trabajaron por la representación al incluir artistas indígenas en la curaduría del festival.","Social","representar; visibilizar; incluir; defender; amplificar; escuchar; mostrar; promover; abogar"
"Resilience","The ability to bounce back from difficulties and keep going despite challenges.","After losing a major client, the small business showed resilience by rapidly developing new services and rebuilding stronger than before.","Personal","recover; adapt; overcome; withstand; rebound; persist; endure; strengthen; grow","Resiliencia","Adaptarse y recuperarse tras adversidades.","La resiliencia de la comunidad se vio en cómo reconstruyó viviendas y fortaleció redes de apoyo tras la inundación.","Personal","resistir; recuperar; adaptarse; reconstruir; aprender; persistir; apoyar; avanzar; superar"
"Respect","Treating others with kindness and valuing their feelings, opinions, and rights.","The debate moderator ensured an atmosphere of respect by establishing clear guidelines for discussion and intervening when participants became dismissive.","Interpersonal","honor; admire; value; appreciate; listen; consider; acknowledge; recognize; treat","Respeto","Reconocer el valor de otras personas y tratarlas con dignidad.","Demostró respeto al escuchar opiniones opuestas sin interrumpir y agradeciendo la honestidad.","Interpersonal","respetar; escuchar; valorar; considerar; reconocer; honrar; aceptar; cuidar; dialogar"
"Responsibility","Being accountable for your actions and making sure you do what you promise.","When the project went over budget, the manager took responsibility by acknowledging his oversight, developing a plan to address it, and communicating transparently.","Personal","accept; take; fulfill; assume; handle; manage; complete; own; undertake","Responsabilidad","Responder por tus acciones y cuidar las consecuencias para otras personas.","Mostró responsabilidad al admitir su error y trabajar con el equipo para corregir el proceso.","Personal","asumir; cumplir; responder; cuidar; organizar; prevenir; apoyar; corregir; servir"
"Romance","A deep emotional connection and attraction between people, often involving love and affection.","After twenty years of marriage, they maintained romance through weekly date nights, thoughtful gestures, and continuing to learn about each other's changing interests.","Interpersonal","love; adore; pursue; woo; cherish; connect; express; kindle; share","Romance","Cultivar la intimidad y el afecto en una relación amorosa.","Revivieron el romance al planear citas mensuales que celebraban su historia compartida.","Interpersonal","enamorar; cuidar; sorprender; compartir; escuchar; amar; conectar; dedicar; acoger"
"Safety","Being safe involves taking actions to protect yourself and others from harm or danger.","The construction company prioritized safety by implementing thorough training programs, regular equipment checks, and a culture where anyone could stop work if they observed a hazard.","Personal","protect; secure; defend; shield; guard; prevent; ensure; maintain; preserve","Seguridad","Crear entornos donde las personas se sientan protegidas y libres de daño.","El vecindario mejoró la seguridad al instalar iluminación comunitaria y organizar rondas de acompañamiento.","Personal","proteger; vigilar; prevenir; asegurar; cuidar; alertar; reforzar; monitorear; responder"
"Self Care","Taking time to care for your mental, emotional, and physical well-being to feel better and live healthier.","Despite her busy schedule, she practiced self-care by setting aside time each day for exercise, maintaining boundaries around work hours, and connecting regularly with friends.","Personal","nurture; protect; maintain; restore; prioritize; attend; respect; preserve; rejuvenate","Autocuidado","Atender tus necesidades físicas, emocionales y espirituales.","Practicó autocuidado al bloquear tiempo para descansar, comer bien y decir no a compromisos excesivos.","Personal","cuidarse; nutrirse; descansar; escuchar; poner límites; renovar; priorizarse; respirar; sanar"
"Self Expression","The ability to share thoughts, feelings, and ideas openly and honestly.","The arts program encouraged self-expression by providing various mediums and techniques for students to communicate their unique perspectives and experiences.","Personal","create; show; demonstrate; display; communicate; share; reveal; manifest; represent","Autoexpresión","Comunicar tus ideas y sentimientos de forma auténtica.","Encontró autoexpresión a través de un blog donde compartía crónicas de su barrio.","Personal","expresarse; compartir; crear; comunicar; escribir; pintar; cantar; mostrar; declarar"
"Self-Actualization","Reaching your full potential by growing, learning, and becoming the best version of yourself.","After years of dedicated practice, education, and self-reflection, the musician achieved self-actualization by creating original compositions that transformed her field.","Personal","develop; fulfill; realize; become; achieve; grow; express; manifest; create","Autorrealización","Alcanzar tu máximo potencial viviendo de acuerdo con tus talentos y valores.","Buscó la autorrealización al emprender un proyecto social que combinaba su experiencia y su pasión.","Personal","realizarse; crecer; explorar; desarrollarse; aprender; servir; expresar; transformarse; lograr"
"Self-Awareness","Understanding your own thoughts, feelings, and actions to improve yourself and your relationships with others.","Through journaling and reflection, he developed self-awareness about how his communication style affected others, allowing him to make positive changes.","Personal","reflect; examine; understand; recognize; acknowledge; observe; monitor; analyze; know","Autoconciencia","Reconocer tus emociones, motivaciones y patrones de comportamiento.","Su autoconciencia aumentó al llevar un diario donde analizaba reacciones y desencadenantes.","Personal","observarse; reflexionar; anotar; escuchar; identificar; comprender; ajustar; aceptar; aprender"
"Self-Compassion","Being kind and understanding to yourself during tough times or when you make mistakes.","After missing an important deadline, she practiced self-compassion by acknowledging her disappointment without harsh self-criticism, then focusing on what she could learn.","Personal","nurture; accept; forgive; understand; support; comfort; love; embrace; acknowledge","Autocompasión","Tratarte con amabilidad y comprensión cuando enfrentas dificultades.","Practicó autocompasión al hablarse con cariño después de un error en lugar de criticarse.","Personal","abrazarse; cuidarse; perdonarse; escucharse; calmarse; aceptarse; animarse; reconfortarse; sostenerse"
"Self-control","The ability to manage your emotions, thoughts, and behaviors to achieve goals and make good choices.","Despite feeling angry about the unfair criticism, he demonstrated self-control by taking a deep breath, responding calmly, and addressing the issue constructively.","Personal","manage; regulate; restrain; govern; discipline; moderate; contain; direct; master","Autocontrol","Regular impulsos y comportamientos para mantener el enfoque en tus objetivos.","Demostró autocontrol al pausar antes de responder un correo conflictivo y elegir un tono constructivo.","Personal","regularse; respirar; pausar; evaluar; decidir; moderar; enfocarse; contenerse; controlarse"
"Selflessness","Putting the needs and feelings of others before your own and helping them without expecting anything in return.","The volunteer showed selflessness by spending her vacation building homes in disaster-affected areas rather than taking a personal holiday.","Interpersonal","give; serve; help; support; sacrifice; assist; provide; contribute; offer","Altruismo","Priorizar el bienestar de otras personas sin esperar recompensas.","Su altruismo se evidenció al donar su bono anual al fondo de emergencia del barrio.","Interpersonal","servir; donar; cuidar; apoyar; ofrecer; acompañar; sacrificar; compartir; proteger"
"Service","Helping others by providing assistance, support, or care.","The restaurant's commitment to service was evident in how staff remembered regular customers' preferences and went beyond expectations to create special experiences.","Interpersonal","help; assist; support; provide; contribute; work; give; aid; attend","Servicio","Contribuir al bienestar de otras personas a través de acciones concretas.","Practicar servicio significó preparar paquetes de alimentos cada fin de semana para familias necesitadas.","Interpersonal","servir; apoyar; ayudar; ofrecer; entregar; acompañar; voluntariarse; cuidar; sostener"
"Sovereignty","The ability of a group or country to govern itself and make its own decisions without outside interference.","The indigenous community fought to maintain sovereignty over their ancestral lands, ensuring they could make decisions about resource use and development.","Personal","control; determine; decide; govern; direct; rule; manage; command; regulate","Soberanía","Ejercer la autoridad y la autodeterminación sin injerencias externas.","El movimiento defendió la soberanía alimentaria al impulsar huertos comunitarios administrados por residentes.","Personal","autogobernar; decidir; proteger; afirmar; reclamar; organizar; liderar; resguardar; empoderar"
"Spirituality","A deep connection to something greater than oneself, often involving personal beliefs and practices that provide meaning and purpose in life.","She nurtured her spirituality through regular meditation, time in nature, and participating in a community that shared her belief in interconnectedness.","Personal","connect; explore; seek; practice; experience; develop; cultivate; discover; understand","Espiritualidad","Buscar conexión con lo trascendente y cultivar sentido interior.","Su espiritualidad se expresaba mediante caminatas contemplativas y momentos de gratitud diaria.","Personal","conectar; meditar; orar; agradecer; reflexionar; escuchar; celebrar; contemplar; servir"
"Sports","Activities that involve physical exertion and skill, often played individually or in teams for competition or enjoyment.","The community invested in sports programs that taught children not just athletic skills but also teamwork, perseverance, and fair play.","Personal","play; compete; train; practice; participate; improve; develop; engage; perform","Deportes","Participar en actividades físicas organizadas para disfrutar, competir y aprender trabajo en equipo.","Los deportes escolares fomentaron disciplina y amistad entre jóvenes de distintos barrios.","Personal","jugar; competir; entrenar; cooperar; moverse; practicar; respetar; apoyar; celebrar"
"Sportsmanship","Treating opponents with respect and fairness, showing graciousness in winning or losing.","After the championship game, the losing team demonstrated excellent sportsmanship by sincerely congratulating the winners and thanking the officials.","Interpersonal","respect; honor; congratulate; acknowledge; accept; demonstrate; display; show; exhibit","Juego limpio","Actuar con respeto, honestidad y cortesía durante la competencia.","Su juego limpio se vio cuando felicitó a la rival y reconoció sus errores ante el árbitro.","Interpersonal","respetar; felicitar; aceptar; cooperar; apoyar; aplaudir; honrar; cumplir; sonreír"
"Stability","Staying steady and balanced in difficult situations without being easily shaken or changed.","During the company merger, the manager provided stability by maintaining regular team meetings, clear communication, and consistent expectations.","Personal","maintain; establish; ensure; build; preserve; secure; create; provide; sustain","Estabilidad","Mantener una base segura y predecible en la vida.","Creó estabilidad al establecer un presupuesto, un horario regular y redes de apoyo confiables.","Personal","equilibrar; organizar; planificar; sostener; asegurar; ahorrar; fortalecer; mantener; proteger"
"Stewardship","Caring for and managing resources responsibly to ensure their health and availability for the future.","The family farm practiced stewardship by using sustainable methods that preserved soil health and biodiversity for future generations.","Social","care; manage; protect; preserve; maintain; guard; oversee; safeguard; conserve","Cuidado responsable","Administrar recursos con respeto para beneficio presente y futuro.","Mostraron cuidado responsable al reducir desperdicios en la oficina y donar equipos reutilizables.","Social","administrar; conservar; proteger; reducir; reciclar; planificar; educar; monitorear; restaurar"
"Stillness","A state of calmness and peace that allows for clear thinking and reflection.","Before making major decisions, she sought stillness through meditation and quiet walks in nature, allowing her to access deeper wisdom.","Personal","practice; experience; cultivate; seek; find; create; embrace; maintain; enter","Quietud","Crear espacios de silencio y calma para recuperar energía.","Buscó quietud al reservar unos minutos cada mañana para observar el amanecer sin distracciones.","Personal","silenciar; respirar; pausar; escuchar; meditar; descansar; centrar; calmar; contemplar"
"Strategy","A plan to achieve specific goals by using available resources effectively.","Rather than reacting to market changes, the company developed a strategy with clear objectives, resource allocation, and contingency plans.","Personal","plan; develop; create; design; implement; execute; evaluate; adjust; direct","Estrategia","Planificar acciones coordinadas para alcanzar objetivos a largo plazo.","El liderazgo diseñó una estrategia que alineaba inversiones, capacitación y mediciones de impacto.","Personal","planificar; analizar; priorizar; coordinar; diseñar; anticipar; organizar; evaluar; ejecutar"
"Sustainability","The ability to meet our needs today without harming the ability of future generations to meet theirs.","The building was designed with sustainability in mind, using renewable energy, water reclamation systems, and materials with minimal environmental impact.","Social","maintain; conserve; preserve; protect; balance; reuse; reduce; recycle; renew","Sostenibilidad","Satisfacer necesidades presentes sin comprometer las de futuras generaciones.","El edificio se diseñó con sostenibilidad al utilizar energía renovable, sistemas de recuperación de agua y materiales de bajo impacto.","Social","mantener; conservar; preservar; proteger; equilibrar; reutilizar; reducir; reciclar; renovar"
"Synergy","Working together in a way that creates better results than individuals could achieve alone.","The marketing and product development teams achieved synergy by collaborating closely, resulting in innovations that better met customer needs than either could create independently.","Interpersonal","combine; unite; integrate; collaborate; coordinate; harmonize; merge; blend; connect","Sinergia","Trabajar en conjunto de manera que los resultados superen lo que cada persona lograría por separado.","Los equipos de marketing y producto lograron sinergia al colaborar estrechamente y crear innovaciones más alineadas con las necesidades de clientes.","Interpersonal","combinar; unir; integrar; colaborar; coordinar; armonizar; fusionar; mezclar; conectar"
"Teaching","Helping others learn new things through guidance and sharing knowledge.","The mentor excelled at teaching by adapting her approach to each person's learning style and creating opportunities for hands-on practice.","Interpersonal","instruct; explain; guide; demonstrate; show; train; educate; mentor; develop","Enseñanza","Ayudar a otras personas a aprender mediante guía y compartir conocimiento.","La mentora destacó en la enseñanza al adaptar su enfoque a cada estilo de aprendizaje y ofrecer práctica guiada.","Interpersonal","enseñar; explicar; guiar; demostrar; mostrar; formar; educar; mentorar; desarrollar"
"Teamwork","Working together with others to achieve a common goal and support each other.","The emergency response demonstrated excellent teamwork as medical staff, firefighters, and police coordinated their efforts seamlessly to save lives.","Interpersonal","collaborate; cooperate; contribute; support; participate; assist; coordinate; partner; join","Trabajo en equipo","Colaborar con otras personas para alcanzar una meta común y apoyarse mutuamente.","El equipo de respuesta de emergencia demostró trabajo en equipo al coordinarse sin fallas entre personal médico, bomberos y policía.","Interpersonal","colaborar; cooperar; contribuir; apoyar; participar; asistir; coordinar; aliarse; sumar"
"Technology","The use of scientific knowledge and tools to solve problems and improve lives.","The organization leveraged technology to connect isolated elderly individuals with healthcare providers and family members during the pandemic.","Social","develop; utilize; apply; create; innovate; implement; improve; design; build","Tecnología","Uso de conocimientos científicos y herramientas para resolver problemas y mejorar la vida.","La organización aprovechó la tecnología para conectar a personas mayores con servicios de salud y familiares durante la pandemia.","Social","desarrollar; utilizar; aplicar; crear; innovar; implementar; mejorar; diseñar; construir"
"Thoughtfulness","Showing care and consideration for others' feelings and needs in every action and decision.","The manager demonstrated thoughtfulness by remembering team members' professional goals and creating opportunities aligned with their aspirations.","Interpersonal","consider; reflect; ponder; contemplate; deliberate; think; examine; analyze; evaluate","Consideración","Actuar teniendo en cuenta los sentimientos y necesidades de otras personas.","La gerente mostró consideración al recordar las metas profesionales de cada integrante y crear oportunidades alineadas.","Interpersonal","considerar; reflexionar; pensar; contemplar; deliberar; cuidar; escuchar; planear; apoyar"
"Tolerance","Respecting and accepting differences in others, even when you don't agree with them.","The community practiced tolerance by creating spaces where people of different faiths could share their traditions and learn from each other respectfully.","Interpersonal","accept; respect; accommodate; allow; understand; embrace; permit; acknowledge; recognize","Tolerancia","Respetar y aceptar las diferencias, incluso cuando no se está de acuerdo.","La comunidad practicó tolerancia al crear espacios donde personas de distintas religiones compartían sus tradiciones y aprendían mutuamente.","Interpersonal","aceptar; respetar; acoger; permitir; comprender; abrazar; reconocer; convivir; dialogar"
"Trust","Being honest and reliable with others creates a strong bond and encourages openness.","The leader built trust by consistently following through on commitments, admitting mistakes, and sharing information transparently with the team.","Interpersonal","believe; rely; depend; confide; count on; entrust; commit; faith; confidence","Confianza","Ser honesto y confiable para fortalecer vínculos y fomentar apertura.","La líder construyó confianza al cumplir sus compromisos, admitir errores y compartir información con transparencia.","Interpersonal","confiar; creer; depender; compartir; contar; entregar; comprometerse; sostener; apoyar"
"Truth","Being honest and accurate, reflecting reality without lies or deceit.","The journalist pursued truth by verifying facts with multiple sources and presenting findings even when they contradicted popular narratives.","Personal","seek; speak; discover; reveal; uncover; verify; confirm; validate; establish","Verdad","Ser honesto y preciso, reflejando la realidad sin engaños.","La periodista buscó la verdad al verificar datos con múltiples fuentes y publicar hallazgos aunque fueran impopulares.","Personal","buscar; decir; descubrir; revelar; desenmascarar; verificar; confirmar; validar; establecer"
"Unity","Bringing people together to work towards a common goal and support each other.","The community crisis center fostered unity by creating structures for neighbors from different backgrounds to work together on shared challenges.","Social","connect; join; harmonize; integrate; combine; unify; bring together; coalesce; merge","Unidad","Reunir a las personas para trabajar hacia un objetivo compartido y apoyarse mutuamente.","El centro comunitario fomentó la unidad al crear estructuras donde vecinas de distintos orígenes colaboraban en retos comunes.","Social","conectar; unir; armonizar; integrar; combinar; unificar; reunir; cohesionar; colaborar"
"Versatility","The ability to adapt to new situations and handle different tasks effectively.","The small business owner demonstrated versatility by quickly pivoting to online services when in-person operations became impossible during the pandemic.","Personal","adapt; adjust; flex; modify; transform; change; accommodate; shift; alter","Versatilidad","Adaptarse a situaciones nuevas y manejar diversas tareas con eficacia.","La dueña del negocio demostró versatilidad al cambiar rápidamente a servicios en línea cuando lo presencial dejó de ser posible.","Personal","adaptarse; ajustarse; flexibilizarse; modificar; transformarse; cambiar; acomodarse; pivotar; alterar"
"Vision","Creating a clear and inspiring picture of the future that guides decisions and motivates people.","The founder's vision of affordable healthcare for all communities guided the organization's growth and strategic partnerships for decades.","Personal","imagine; envision; foresee; conceptualize; create; design; develop; formulate; plan","Visión","Crear una imagen clara e inspiradora del futuro para guiar decisiones.","La visión de la fundadora sobre salud accesible guió el crecimiento y las alianzas estratégicas de la organización.","Personal","imaginar; visualizar; prever; conceptualizar; crear; diseñar; desarrollar; formular; planear"
"Willingness","A readiness to do what is needed or to accept new ideas and experiences.","When the project faced unexpected challenges, the team's willingness to adjust their approach and learn new skills allowed them to succeed despite the obstacles.","Personal","agree; accept; volunteer; offer; consent; participate; engage; embrace; undertake","Disposición","Estar listo para hacer lo necesario o aceptar nuevas ideas y experiencias.","La disposición del equipo permitió ajustar estrategias y aprender habilidades nuevas cuando surgieron desafíos imprevistos.","Personal","aceptar; acceder; ofrecerse; participar; consentir; colaborar; adoptar; aprender; asumir"
"Wisdom","The ability to make good decisions based on knowledge, experience, and understanding.","The elder demonstrated wisdom by listening carefully before offering advice that considered both immediate needs and long-term implications.","Personal","understand; discern; perceive; consider; contemplate; reflect; comprehend; judge; recognize","Sabiduría","Tomar buenas decisiones basadas en conocimiento, experiencia y comprensión.","La persona mayor mostró sabiduría al escuchar antes de aconsejar, equilibrando necesidades inmediatas y efectos a largo plazo.","Personal","comprender; discernir; percibir; considerar; contemplar; reflexionar; aconsejar; evaluar; orientar"
"Work Ethic","Having a strong work ethic means being dedicated, responsible, and putting in effort to complete tasks well.","Her work ethic was evident in how she consistently arrived early, gave full attention to quality details, and willingly helped colleagues complete team projects.","Personal","work; strive; persist; apply; endeavor; commit; dedicate; pursue; labor","Ética de trabajo","Ser dedicado, responsable y esforzarse para completar tareas con calidad.","Su ética de trabajo se notó en que llegaba temprano, cuidaba los detalles y ayudaba a colegas con los proyectos del equipo.","Personal","trabajar; esforzarse; persistir; aplicarse; dedicarse; comprometerse; perseverar; colaborar; cumplir"
